volcano_name,latitude,longitude,river_file,status
West Eifel Volcanic Field,50.17,6.85,public/rivers\West_Eifel_Volcanic_Field_rivers.geojson,SUCCESS
Chaine des Puys,45.786,2.981,public/rivers\Chaine_des_Puys_rivers.geojson,SUCCESS
Calatrava Volcanic Field,38.87,-4.02,public/rivers\Calatrava_Volcanic_Field_rivers.geojson,SUCCESS
Campi Flegrei,40.827,14.139,public/rivers\Campi_Flegrei_rivers.geojson,SUCCESS
Vesuvius,40.821,14.426,public/rivers\Vesuvius_rivers.geojson,SUCCESS
Ischia,40.73,13.897,public/rivers\Ischia_rivers.geojson,SUCCESS
Palinuro,39.48,14.83,FAILED,FAILED
Stromboli,38.789,15.213,public/rivers\Stromboli_water.geojson,SUCCESS
Lipari,38.49,14.933,public/rivers\Lipari_water.geojson,SUCCESS
Vulcano,38.404,14.962,public/rivers\Vulcano_water.geojson,SUCCESS
Etna,37.748,14.999,public/rivers\Etna_rivers.geojson,SUCCESS
Campi Flegrei del Mar di Sicilia,37.1,12.7,FAILED,FAILED
Pantelleria,36.77,12.02,public/rivers\Pantelleria_rivers.geojson,SUCCESS
Marsili,39.284,14.399,FAILED,FAILED
Methana,37.6186,23.3331,public/rivers\Methana_rivers.geojson,SUCCESS
Milos,36.699,24.439,public/rivers\Milos_rivers.geojson,SUCCESS
Santorini,36.404,25.396,public/rivers\Santorini_water.geojson,SUCCESS
Kolumbo,36.524,25.483,public/rivers\Kolumbo_water.geojson,SUCCESS
Nisyros,36.5888,27.1553,public/rivers\Nisyros_water.geojson,SUCCESS
Erciyes Volcanic Complex,38.531,35.447,public/rivers\Erciyes_Volcanic_Complex_rivers.geojson,SUCCESS
Nemrut Dagi,38.654,42.229,public/rivers\Nemrut_Dagi_rivers.geojson,SUCCESS
Tenduruk Dagi,39.356,43.874,public/rivers\Tenduruk_Dagi_rivers.geojson,SUCCESS
Ararat,39.7,44.3,public/rivers\Ararat_rivers.geojson,SUCCESS
Elbrus,43.351,42.442,public/rivers\Elbrus_rivers.geojson,SUCCESS
Kazbek,42.697,44.5184,public/rivers\Kazbek_rivers.geojson,SUCCESS
Ghegham Volcanic Ridge,40.283,45.0,public/rivers\Ghegham_Volcanic_Ridge_rivers.geojson,SUCCESS
Vaiyots-Sar,39.797,45.497,public/rivers\Vaiyots-Sar_rivers.geojson,SUCCESS
Porak,40.028,45.74,public/rivers\Porak_rivers.geojson,SUCCESS
Tskhouk-Karckar,39.742,45.992,public/rivers\Tskhouk-Karckar_rivers.geojson,SUCCESS
"Tair, Jebel at",15.55,41.83,"public/rivers\Tair,_Jebel_at_water.geojson",SUCCESS
Zubair Group,15.05,42.18,public/rivers\Zubair_Group_water.geojson,SUCCESS
Dallol,14.242,40.3,public/rivers\Dallol_rivers.geojson,SUCCESS
Alu-Dalafilla,13.793,40.553,public/rivers\Alu-Dalafilla_rivers.geojson,SUCCESS
Erta Ale,13.601,40.666,public/rivers\Erta_Ale_rivers.geojson,SUCCESS
Dubbi,13.579,41.809,public/rivers\Dubbi_rivers.geojson,SUCCESS
Nabro,13.37,41.7,public/rivers\Nabro_rivers.geojson,SUCCESS
Alayta,12.888,40.573,public/rivers\Alayta_rivers.geojson,SUCCESS
Dabbahu,12.595,40.48,public/rivers\Dabbahu_rivers.geojson,SUCCESS
Manda Hararo,12.17,40.82,public/rivers\Manda_Hararo_rivers.geojson,SUCCESS
Manda-Inakir,12.38,42.2,public/rivers\Manda-Inakir_rivers.geojson,SUCCESS
Ardoukoba,11.58,42.47,public/rivers\Ardoukoba_rivers.geojson,SUCCESS
Dama Ali,11.28,41.63,public/rivers\Dama_Ali_rivers.geojson,SUCCESS
Fentale,8.985,39.906,public/rivers\Fentale_rivers.geojson,SUCCESS
Kone,8.8105,39.6946,public/rivers\Kone_rivers.geojson,SUCCESS
Bora-Bericha-Tullu Moye,8.2114,39.0812,public/rivers\Bora-Bericha-Tullu_Moye_rivers.geojson,SUCCESS
Aluto,7.77,38.78,public/rivers\Aluto_rivers.geojson,SUCCESS
Bilate River Field,7.07,38.1,public/rivers\Bilate_River_Field_rivers.geojson,SUCCESS
Lake Turkana South Island,2.6364,36.5958,public/rivers\Lake_Turkana_South_Island_rivers.geojson,SUCCESS
"Barrier, The",2.32,36.57,"public/rivers\Barrier,_The_rivers.geojson",SUCCESS
Namarunu,1.98,36.43,public/rivers\Namarunu_rivers.geojson,SUCCESS
Emuruangogolak,1.5,36.33,public/rivers\Emuruangogolak_rivers.geojson,SUCCESS
Silali,1.15,36.23,public/rivers\Silali_rivers.geojson,SUCCESS
Paka,0.92,36.18,public/rivers\Paka_rivers.geojson,SUCCESS
Menengai,-0.2,36.07,public/rivers\Menengai_rivers.geojson,SUCCESS
Olkaria,-0.904,36.292,public/rivers\Olkaria_rivers.geojson,SUCCESS
Longonot,-0.914,36.446,public/rivers\Longonot_rivers.geojson,SUCCESS
"Lengai, Ol Doinyo",-2.764,35.914,"public/rivers\Lengai,_Ol_Doinyo_rivers.geojson",SUCCESS
Chyulu Hills,-2.68,37.88,public/rivers\Chyulu_Hills_rivers.geojson,SUCCESS
Meru,-3.244,36.75,public/rivers\Meru_rivers.geojson,SUCCESS
Igwisi Hills,-4.889,31.933,public/rivers\Igwisi_Hills_rivers.geojson,SUCCESS
Ngozi,-9.0036,33.552,public/rivers\Ngozi_rivers.geojson,SUCCESS
Rungwe,-9.135,33.668,public/rivers\Rungwe_rivers.geojson,SUCCESS
Kyejo,-9.229,33.792,public/rivers\Kyejo_rivers.geojson,SUCCESS
Fort Portal,0.7,30.25,public/rivers\Fort_Portal_rivers.geojson,SUCCESS
Nyamulagira,-1.408,29.2,public/rivers\Nyamulagira_rivers.geojson,SUCCESS
Nyiragongo,-1.52,29.25,public/rivers\Nyiragongo_rivers.geojson,SUCCESS
Karisimbi,-1.506,29.45,public/rivers\Karisimbi_rivers.geojson,SUCCESS
Visoke,-1.458,29.485,public/rivers\Visoke_rivers.geojson,SUCCESS
"Basile, Pico",3.588,8.762,"public/rivers\Basile,_Pico_rivers.geojson",SUCCESS
Cameroon,4.203,9.17,public/rivers\Cameroon_rivers.geojson,SUCCESS
"Voon, Tarso",20.92,17.28,"public/rivers\Voon,_Tarso_rivers.geojson",SUCCESS
"Marra, Jebel",12.95,24.27,"public/rivers\Marra,_Jebel_rivers.geojson",SUCCESS
Meidob Volcanic Field,15.32,26.47,public/rivers\Meidob_Volcanic_Field_rivers.geojson,SUCCESS
Bayuda Volcanic Field,18.33,32.75,public/rivers\Bayuda_Volcanic_Field_rivers.geojson,SUCCESS
"Ash Shaam, Harrat",32.333,37.583,"public/rivers\Ash_Shaam,_Harrat_rivers.geojson",SUCCESS
"Lunayyir, Harrat",25.17,37.75,"public/rivers\Lunayyir,_Harrat_rivers.geojson",SUCCESS
"Khaybar, Harrat",25.5,40.0,"public/rivers\Khaybar,_Harrat_rivers.geojson",SUCCESS
"Rahat, Harrat",23.08,39.78,"public/rivers\Rahat,_Harrat_rivers.geojson",SUCCESS
"Yar, Jabal",17.05,42.83,"public/rivers\Yar,_Jabal_rivers.geojson",SUCCESS
"Arhab, Harra of",15.6025,44.0978,"public/rivers\Arhab,_Harra_of_rivers.geojson",SUCCESS
"Haylan, Jabal",15.4,45.1,"public/rivers\Haylan,_Jabal_rivers.geojson",SUCCESS
"Dhamar, Harras of",14.57,44.67,"public/rivers\Dhamar,_Harras_of_rivers.geojson",SUCCESS
"Sawad, Harra Es-",13.58,46.12,"public/rivers\Sawad,_Harra_Es-_rivers.geojson",SUCCESS
Damavand,35.951,52.109,public/rivers\Damavand_rivers.geojson,SUCCESS
Mayotte,-12.83,45.17,public/rivers\Mayotte_rivers.geojson,SUCCESS
Karthala,-11.7658,43.3639,public/rivers\Karthala_rivers.geojson,SUCCESS
"Fournaise, Piton de la",-21.244,55.708,"public/rivers\Fournaise,_Piton_de_la_water.geojson",SUCCESS
Fani Maore,-12.9121,45.7075,FAILED,FAILED
Boomerang Seamount,-37.7216,77.8221,FAILED,FAILED
St. Paul,-38.72,77.53,FAILED,FAILED
Heard,-53.106,73.513,FAILED,FAILED
McDonald Islands,-53.0394,72.595,FAILED,FAILED
Marion Island,-46.9,37.75,public/rivers\Marion_Island_water.geojson,SUCCESS
Auckland Volcanic Field,-36.89,174.81,public/rivers\Auckland_Volcanic_Field_rivers.geojson,SUCCESS
Tuhua/Mayor Island,-37.28,176.25,public/rivers\Tuhua_Mayor_Island_water.geojson,SUCCESS
Taranaki,-39.3,174.07,public/rivers\Taranaki_rivers.geojson,SUCCESS
Whakaari/White Island,-37.52,177.18,public/rivers\Whakaari_White_Island_water.geojson,SUCCESS
Okataina,-38.1569,176.5069,public/rivers\Okataina_rivers.geojson,SUCCESS
Taupo,-38.7811,175.893,public/rivers\Taupo_rivers.geojson,SUCCESS
Tongariro,-39.157,175.632,public/rivers\Tongariro_rivers.geojson,SUCCESS
Ruapehu,-39.28,175.57,public/rivers\Ruapehu_rivers.geojson,SUCCESS
Clark,-36.446,177.839,FAILED,FAILED
Tangaroa,-36.321,178.028,FAILED,FAILED
Rumble V,-36.142,178.196,FAILED,FAILED
Rumble IV,-36.13,178.05,FAILED,FAILED
Rumble III,-35.745,178.478,FAILED,FAILED
Rumble II West,-35.353,178.527,FAILED,FAILED
Healy,-35.004,178.973,FAILED,FAILED
Brothers,-34.875,179.0667,FAILED,FAILED
Wright,-31.85,-179.18,FAILED,FAILED
Havre Seamount,-31.08,-179.033,FAILED,FAILED
Curtis Island,-30.543,-178.556,public/rivers\Curtis_Island_water.geojson,SUCCESS
Macauley,-30.21,-178.475,public/rivers\Macauley_water.geojson,SUCCESS
Giggenbach,-30.036,-178.712,FAILED,FAILED
Raoul Island,-29.27,-177.92,public/rivers\Raoul_Island_water.geojson,SUCCESS
Monowai,-25.887,-177.188,FAILED,FAILED
Unnamed,-24.8,-177.02,FAILED,FAILED
Unnamed,-21.338,-175.65,FAILED,FAILED
Unnamed,-20.852,-175.55,public/rivers\Unnamed_water.geojson,SUCCESS
Hunga Tonga-Hunga Ha'apai,-20.5532,-175.3841,public/rivers\Hunga_Tonga-Hunga_Ha'apai_water.geojson,SUCCESS
Fonuafo'ou,-20.32,-175.42,public/rivers\Fonuafo'ou_water.geojson,SUCCESS
Tofua,-19.75,-175.07,public/rivers\Tofua_water.geojson,SUCCESS
Kao,-19.668,-175.016,public/rivers\Kao_water.geojson,SUCCESS
Lateiki,-19.18,-174.87,public/rivers\Lateiki_water.geojson,SUCCESS
Home Reef,-18.992,-174.775,public/rivers\Home_Reef_water.geojson,SUCCESS
Late,-18.806,-174.65,public/rivers\Late_water.geojson,SUCCESS
Unnamed,-18.325,-174.365,public/rivers\Unnamed_water.geojson,SUCCESS
Fonualei,-18.023,-174.317,public/rivers\Fonualei_water.geojson,SUCCESS
Curacoa,-15.62,-173.67,public/rivers\Curacoa_water.geojson,SUCCESS
Niuafo'ou,-15.6,-175.63,public/rivers\Niuafo'ou_water.geojson,SUCCESS
Tafu-Maka,-15.37,-174.23,FAILED,FAILED
West Mata,-15.1,-173.75,FAILED,FAILED
Niuatahi,-15.3675,-174.0028,FAILED,FAILED
Vailulu'u,-14.215,-169.058,FAILED,FAILED
Ofu-Olosega,-14.175,-169.618,public/rivers\Ofu-Olosega_water.geojson,SUCCESS
Tutuila,-14.2903,-170.7019,public/rivers\Tutuila_water.geojson,SUCCESS
Savaii,-13.612,-172.525,public/rivers\Savaii_water.geojson,SUCCESS
Taveuni,-16.8412,-179.9644,public/rivers\Taveuni_rivers.geojson,SUCCESS
Nabukelevu,-19.1181,177.9815,public/rivers\Nabukelevu_rivers.geojson,SUCCESS
St. Andrew Strait,-2.38,147.35,public/rivers\St._Andrew_Strait_water.geojson,SUCCESS
Central Bismarck Sea,-3.03,147.78,FAILED,FAILED
Bam,-3.613,144.818,public/rivers\Bam_water.geojson,SUCCESS
Manam,-4.08,145.037,public/rivers\Manam_rivers.geojson,SUCCESS
Karkar,-4.647,145.976,public/rivers\Karkar_rivers.geojson,SUCCESS
Long Island,-5.3144,147.105,public/rivers\Long_Island_rivers.geojson,SUCCESS
Ritter Island,-5.519,148.115,public/rivers\Ritter_Island_rivers.geojson,SUCCESS
Langila,-5.525,148.42,public/rivers\Langila_rivers.geojson,SUCCESS
Dakataua,-5.0455,150.0996,public/rivers\Dakataua_rivers.geojson,SUCCESS
Krummel-Garbuna-Welcker,-5.416,150.027,public/rivers\Krummel-Garbuna-Welcker_rivers.geojson,SUCCESS
Witori,-5.5745,150.5161,public/rivers\Witori_rivers.geojson,SUCCESS
Sulu Range,-5.5,150.942,public/rivers\Sulu_Range_rivers.geojson,SUCCESS
Hargy,-5.33,151.1,public/rivers\Hargy_rivers.geojson,SUCCESS
Bamus,-5.2,151.23,public/rivers\Bamus_rivers.geojson,SUCCESS
Ulawun,-5.05,151.33,public/rivers\Ulawun_rivers.geojson,SUCCESS
Lolobau,-4.9156,151.1617,public/rivers\Lolobau_rivers.geojson,SUCCESS
Rabaul,-4.2459,152.1937,public/rivers\Rabaul_rivers.geojson,SUCCESS
Tavui,-4.1089,152.2134,public/rivers\Tavui_water.geojson,SUCCESS
Lamington,-8.95,148.15,public/rivers\Lamington_rivers.geojson,SUCCESS
Victory,-9.2003,149.072,public/rivers\Victory_rivers.geojson,SUCCESS
Sessagara Hills,-9.5542,149.1278,public/rivers\Sessagara_Hills_rivers.geojson,SUCCESS
Dawson Strait Group,-9.62,150.88,public/rivers\Dawson_Strait_Group_rivers.geojson,SUCCESS
Billy Mitchell,-6.0898,155.2254,public/rivers\Billy_Mitchell_rivers.geojson,SUCCESS
Bagana,-6.137,155.196,public/rivers\Bagana_rivers.geojson,SUCCESS
Loloru,-6.52,155.62,public/rivers\Loloru_rivers.geojson,SUCCESS
Simbo,-8.292,156.52,public/rivers\Simbo_water.geojson,SUCCESS
Kavachi,-8.991,157.979,public/rivers\Kavachi_water.geojson,SUCCESS
Savo,-9.1324,159.8119,public/rivers\Savo_water.geojson,SUCCESS
Tinakula,-10.386,165.804,public/rivers\Tinakula_water.geojson,SUCCESS
Suretamatai,-13.8,167.47,public/rivers\Suretamatai_rivers.geojson,SUCCESS
Gaua,-14.281,167.514,public/rivers\Gaua_rivers.geojson,SUCCESS
Ambae,-15.389,167.835,public/rivers\Ambae_rivers.geojson,SUCCESS
Ambrym,-16.25,168.12,public/rivers\Ambrym_rivers.geojson,SUCCESS
Lopevi,-16.507,168.346,public/rivers\Lopevi_water.geojson,SUCCESS
East Epi,-16.6797,168.3893,public/rivers\East_Epi_rivers.geojson,SUCCESS
Kuwae,-16.8304,168.5227,public/rivers\Kuwae_water.geojson,SUCCESS
Traitor's Head,-18.754,169.238,public/rivers\Traitor's_Head_rivers.geojson,SUCCESS
Yasur,-19.532,169.447,public/rivers\Yasur_rivers.geojson,SUCCESS
Gemini-Oscostar,-20.957,170.13,FAILED,FAILED
Matthew Island,-22.33,171.32,public/rivers\Matthew_Island_water.geojson,SUCCESS
Hunter Island,-22.4,172.05,public/rivers\Hunter_Island_water.geojson,SUCCESS
Newer Volcanics Province,-37.77,142.5,public/rivers\Newer_Volcanics_Province_rivers.geojson,SUCCESS
McBride Volcanic Province,-18.367,144.567,public/rivers\McBride_Volcanic_Province_rivers.geojson,SUCCESS
Barren Island,12.278,93.858,public/rivers\Barren_Island_water.geojson,SUCCESS
Peuet Sague,4.903,96.289,public/rivers\Peuet_Sague_rivers.geojson,SUCCESS
"Telong, Bur ni",4.769,96.821,"public/rivers\Telong,_Bur_ni_rivers.geojson",SUCCESS
Singkut,3.2379,98.5127,public/rivers\Singkut_rivers.geojson,SUCCESS
Sinabung,3.17,98.392,public/rivers\Sinabung_rivers.geojson,SUCCESS
Sorikmarapi,0.6834,99.5409,public/rivers\Sorikmarapi_rivers.geojson,SUCCESS
Marapi,-0.38,100.474,public/rivers\Marapi_rivers.geojson,SUCCESS
Tandikat-Singgalang,-0.4311,100.3192,public/rivers\Tandikat-Singgalang_rivers.geojson,SUCCESS
Talang,-0.979,100.681,public/rivers\Talang_rivers.geojson,SUCCESS
Kerinci,-1.697,101.264,public/rivers\Kerinci_rivers.geojson,SUCCESS
Sumbing,-2.414,101.728,public/rivers\Sumbing_rivers.geojson,SUCCESS
Kaba,-3.5156,102.6261,public/rivers\Kaba_rivers.geojson,SUCCESS
Dempo,-4.016,103.121,public/rivers\Dempo_rivers.geojson,SUCCESS
Patah,-4.257,103.306,public/rivers\Patah_rivers.geojson,SUCCESS
Suoh,-5.25,104.27,public/rivers\Suoh_rivers.geojson,SUCCESS
Krakatau,-6.1009,105.4233,public/rivers\Krakatau_water.geojson,SUCCESS
Perbakti-Gagak,-6.75,106.675,public/rivers\Perbakti-Gagak_rivers.geojson,SUCCESS
Salak,-6.716,106.733,public/rivers\Salak_rivers.geojson,SUCCESS
Gede-Pangrango,-6.786,106.983,public/rivers\Gede-Pangrango_rivers.geojson,SUCCESS
Tangkuban Parahu,-6.77,107.6,public/rivers\Tangkuban_Parahu_rivers.geojson,SUCCESS
Papandayan,-7.3175,107.7306,public/rivers\Papandayan_rivers.geojson,SUCCESS
Guntur,-7.143,107.841,public/rivers\Guntur_rivers.geojson,SUCCESS
Galunggung,-7.25,108.058,public/rivers\Galunggung_rivers.geojson,SUCCESS
Talagabodas,-7.208,108.07,public/rivers\Talagabodas_rivers.geojson,SUCCESS
Ciremai,-6.895,108.408,public/rivers\Ciremai_rivers.geojson,SUCCESS
Slamet,-7.242,109.208,public/rivers\Slamet_rivers.geojson,SUCCESS
Dieng Volcanic Complex,-7.2,109.879,public/rivers\Dieng_Volcanic_Complex_rivers.geojson,SUCCESS
Sundoro,-7.3014,109.997,public/rivers\Sundoro_rivers.geojson,SUCCESS
Sumbing,-7.3819,110.0747,public/rivers\Sumbing_rivers.geojson,SUCCESS
Merbabu,-7.454,110.44,public/rivers\Merbabu_rivers.geojson,SUCCESS
Merapi,-7.54,110.446,public/rivers\Merapi_rivers.geojson,SUCCESS
Kelud,-7.935,112.314,public/rivers\Kelud_rivers.geojson,SUCCESS
Arjuno-Welirang,-7.733,112.575,public/rivers\Arjuno-Welirang_rivers.geojson,SUCCESS
Semeru,-8.108,112.922,public/rivers\Semeru_rivers.geojson,SUCCESS
Tengger Caldera,-7.942,112.95,public/rivers\Tengger_Caldera_rivers.geojson,SUCCESS
Lamongan,-7.981,113.341,public/rivers\Lamongan_rivers.geojson,SUCCESS
Raung,-8.119,114.056,public/rivers\Raung_rivers.geojson,SUCCESS
Ijen,-8.058,114.242,public/rivers\Ijen_rivers.geojson,SUCCESS
Batur,-8.2403,115.3775,public/rivers\Batur_rivers.geojson,SUCCESS
Agung,-8.343,115.508,public/rivers\Agung_rivers.geojson,SUCCESS
Rinjani,-8.42,116.47,public/rivers\Rinjani_rivers.geojson,SUCCESS
Tambora,-8.25,118.0,public/rivers\Tambora_rivers.geojson,SUCCESS
Sangeang Api,-8.2,119.07,public/rivers\Sangeang_Api_rivers.geojson,SUCCESS
Ranakah,-8.637,120.5302,public/rivers\Ranakah_rivers.geojson,SUCCESS
Inierie,-8.875,120.95,public/rivers\Inierie_rivers.geojson,SUCCESS
Inielika,-8.73,120.98,public/rivers\Inielika_rivers.geojson,SUCCESS
Ebulobo,-8.817,121.191,public/rivers\Ebulobo_rivers.geojson,SUCCESS
Iya,-8.891,121.641,public/rivers\Iya_rivers.geojson,SUCCESS
Kelimutu,-8.77,121.82,public/rivers\Kelimutu_rivers.geojson,SUCCESS
Paluweh,-8.32,121.708,public/rivers\Paluweh_water.geojson,SUCCESS
Egon,-8.676,122.455,public/rivers\Egon_rivers.geojson,SUCCESS
Lewotobi,-8.542,122.775,public/rivers\Lewotobi_rivers.geojson,SUCCESS
Iliboleng,-8.342,123.258,public/rivers\Iliboleng_rivers.geojson,SUCCESS
Lewotolok,-8.274,123.508,public/rivers\Lewotolok_rivers.geojson,SUCCESS
Ililabalekan,-8.55,123.38,public/rivers\Ililabalekan_rivers.geojson,SUCCESS
Iliwerung,-8.532,123.573,public/rivers\Iliwerung_rivers.geojson,SUCCESS
"Tara, Batu",-7.791,123.585,"public/rivers\Tara,_Batu_water.geojson",SUCCESS
Sirung,-8.4972,124.1306,public/rivers\Sirung_rivers.geojson,SUCCESS
Wurlali,-7.125,128.675,public/rivers\Wurlali_rivers.geojson,SUCCESS
Teon,-6.976,129.144,public/rivers\Teon_water.geojson,SUCCESS
Nila,-6.73,129.5,public/rivers\Nila_water.geojson,SUCCESS
Serua,-6.312,130.017,public/rivers\Serua_water.geojson,SUCCESS
Manuk,-5.543,130.303,public/rivers\Manuk_water.geojson,SUCCESS
Banda Api,-4.523,129.881,public/rivers\Banda_Api_water.geojson,SUCCESS
Colo,-0.162,121.601,public/rivers\Colo_rivers.geojson,SUCCESS
Ambang,0.75,124.42,public/rivers\Ambang_rivers.geojson,SUCCESS
Soputan,1.112,124.737,public/rivers\Soputan_rivers.geojson,SUCCESS
Lokon-Empung,1.3644,124.7992,public/rivers\Lokon-Empung_rivers.geojson,SUCCESS
Mahawu,1.352,124.865,public/rivers\Mahawu_rivers.geojson,SUCCESS
Klabat,1.454,125.031,public/rivers\Klabat_rivers.geojson,SUCCESS
Tangkoko-Duasudara,1.518,125.185,public/rivers\Tangkoko-Duasudara_rivers.geojson,SUCCESS
Ruang,2.3058,125.3671,public/rivers\Ruang_rivers.geojson,SUCCESS
Karangetang,2.781,125.407,public/rivers\Karangetang_rivers.geojson,SUCCESS
Banua Wuhu,3.1463,125.4422,public/rivers\Banua_Wuhu_water.geojson,SUCCESS
Awu,3.689,125.447,public/rivers\Awu_rivers.geojson,SUCCESS
Dukono,1.6992,127.8783,public/rivers\Dukono_rivers.geojson,SUCCESS
Ibu,1.4941,127.6324,public/rivers\Ibu_rivers.geojson,SUCCESS
Gamkonora,1.38,127.53,public/rivers\Gamkonora_rivers.geojson,SUCCESS
Gamalama,0.81,127.3322,public/rivers\Gamalama_rivers.geojson,SUCCESS
Kie Matubu,0.6623,127.4029,public/rivers\Kie_Matubu_rivers.geojson,SUCCESS
Kie Besi,0.32,127.4,public/rivers\Kie_Besi_rivers.geojson,SUCCESS
Melebingoy,6.113,124.892,public/rivers\Melebingoy_rivers.geojson,SUCCESS
Matutum,6.3604,125.0765,public/rivers\Matutum_rivers.geojson,SUCCESS
Leonard Range,7.382,126.047,public/rivers\Leonard_Range_rivers.geojson,SUCCESS
Makaturing,7.644,124.317,public/rivers\Makaturing_rivers.geojson,SUCCESS
Ragang,7.691,124.507,public/rivers\Ragang_rivers.geojson,SUCCESS
Camiguin,9.203,124.673,public/rivers\Camiguin_rivers.geojson,SUCCESS
Kanlaon,10.4096,123.13,public/rivers\Kanlaon_rivers.geojson,SUCCESS
Cabalían,10.285,125.218,public/rivers\Cabalían_rivers.geojson,SUCCESS
Biliran,11.523,124.535,public/rivers\Biliran_rivers.geojson,SUCCESS
Bulusan,12.769,124.056,public/rivers\Bulusan_rivers.geojson,SUCCESS
Mayon,13.257,123.685,public/rivers\Mayon_rivers.geojson,SUCCESS
Isarog,13.658,123.38,public/rivers\Isarog_rivers.geojson,SUCCESS
San Pablo Volcanic Field,14.12,121.3,public/rivers\San_Pablo_Volcanic_Field_rivers.geojson,SUCCESS
Taal,14.0106,120.9975,public/rivers\Taal_rivers.geojson,SUCCESS
Pinatubo,15.13,120.35,public/rivers\Pinatubo_rivers.geojson,SUCCESS
Cagua,18.222,122.123,public/rivers\Cagua_rivers.geojson,SUCCESS
Camiguin de Babuyanes,18.83,121.86,public/rivers\Camiguin_de_Babuyanes_rivers.geojson,SUCCESS
Didicas,19.077,122.202,public/rivers\Didicas_water.geojson,SUCCESS
Babuyan Claro,19.524,121.95,public/rivers\Babuyan_Claro_rivers.geojson,SUCCESS
Iraya,20.469,122.01,public/rivers\Iraya_rivers.geojson,SUCCESS
Hainan Volcanic Field,19.905,110.229,public/rivers\Hainan_Volcanic_Field_rivers.geojson,SUCCESS
"Cendres, Ile des",10.158,109.014,"public/rivers\Cendres,_Ile_des_water.geojson",SUCCESS
Popa,20.92,95.25,public/rivers\Popa_rivers.geojson,SUCCESS
Tengchong,25.23,98.5,public/rivers\Tengchong_rivers.geojson,SUCCESS
Kueishantao,24.841,121.953,public/rivers\Kueishantao_rivers.geojson,SUCCESS
Tatun Volcanic Group,25.178,121.553,public/rivers\Tatun_Volcanic_Group_rivers.geojson,SUCCESS
Submarine Volcano NNE of Iriomotejima,24.57,123.93,public/rivers\Submarine_Volcano_NNE_of_Iriomotejima_water.geojson,SUCCESS
Io-Torishima,27.881,128.223,public/rivers\Io-Torishima_water.geojson,SUCCESS
Yokoatejima,28.797,128.997,public/rivers\Yokoatejima_water.geojson,SUCCESS
Suwanosejima,29.638,129.714,public/rivers\Suwanosejima_water.geojson,SUCCESS
Nakanoshima,29.859,129.857,public/rivers\Nakanoshima_water.geojson,SUCCESS
Kuchinoshima,29.968,129.926,public/rivers\Kuchinoshima_water.geojson,SUCCESS
Kuchinoerabujima,30.443,130.217,public/rivers\Kuchinoerabujima_water.geojson,SUCCESS
Kikai,30.793,130.305,public/rivers\Kikai_water.geojson,SUCCESS
Ata,31.22,130.57,public/rivers\Ata_rivers.geojson,SUCCESS
Aira,31.5772,130.6589,public/rivers\Aira_rivers.geojson,SUCCESS
Yonemaru-Sumiyoshiike,31.771,130.592,public/rivers\Yonemaru-Sumiyoshiike_rivers.geojson,SUCCESS
Kirishimayama,31.934,130.862,public/rivers\Kirishimayama_rivers.geojson,SUCCESS
Fukue,32.657,128.849,public/rivers\Fukue_rivers.geojson,SUCCESS
Unzendake,32.761,130.299,public/rivers\Unzendake_rivers.geojson,SUCCESS
Asosan,32.8849,131.085,public/rivers\Asosan_rivers.geojson,SUCCESS
Kujusan,33.086,131.249,public/rivers\Kujusan_rivers.geojson,SUCCESS
Yufu-Tsurumi,33.282,131.39,public/rivers\Yufu-Tsurumi_rivers.geojson,SUCCESS
Abu,34.4833,131.5167,public/rivers\Abu_rivers.geojson,SUCCESS
Sanbesan,35.141,132.622,public/rivers\Sanbesan_rivers.geojson,SUCCESS
Izu-Tobu,34.9,139.098,public/rivers\Izu-Tobu_rivers.geojson,SUCCESS
Hakoneyama,35.233,139.021,public/rivers\Hakoneyama_rivers.geojson,SUCCESS
Fujisan,35.361,138.728,public/rivers\Fujisan_rivers.geojson,SUCCESS
Yokodake,36.087,138.32,public/rivers\Yokodake_rivers.geojson,SUCCESS
Ontakesan,35.893,137.48,public/rivers\Ontakesan_rivers.geojson,SUCCESS
Hakusan,36.155,136.771,public/rivers\Hakusan_rivers.geojson,SUCCESS
Norikuradake,36.106,137.554,public/rivers\Norikuradake_rivers.geojson,SUCCESS
Yakedake,36.227,137.587,public/rivers\Yakedake_rivers.geojson,SUCCESS
Midagahara,36.571,137.59,public/rivers\Midagahara_rivers.geojson,SUCCESS
Niigata-Yakeyama,36.921,138.036,public/rivers\Niigata-Yakeyama_rivers.geojson,SUCCESS
Myokosan,36.891,138.114,public/rivers\Myokosan_rivers.geojson,SUCCESS
Asamayama,36.406,138.523,public/rivers\Asamayama_rivers.geojson,SUCCESS
Kusatsu-Shiranesan,36.618,138.528,public/rivers\Kusatsu-Shiranesan_rivers.geojson,SUCCESS
Harunasan,36.477,138.851,public/rivers\Harunasan_rivers.geojson,SUCCESS
Hiuchigatake,36.955,139.285,public/rivers\Hiuchigatake_rivers.geojson,SUCCESS
Nikko-Shiranesan,36.799,139.376,public/rivers\Nikko-Shiranesan_rivers.geojson,SUCCESS
Nantaisan,36.765,139.491,public/rivers\Nantaisan_rivers.geojson,SUCCESS
Omanago Group,36.8067,139.4756,public/rivers\Omanago_Group_rivers.geojson,SUCCESS
Takaharayama,36.9,139.777,public/rivers\Takaharayama_rivers.geojson,SUCCESS
Nasudake,37.125,139.963,public/rivers\Nasudake_rivers.geojson,SUCCESS
Numazawa,37.444,139.566,public/rivers\Numazawa_rivers.geojson,SUCCESS
Bandaisan,37.601,140.072,public/rivers\Bandaisan_rivers.geojson,SUCCESS
Adatarayama,37.647,140.281,public/rivers\Adatarayama_rivers.geojson,SUCCESS
Azumayama,37.735,140.244,public/rivers\Azumayama_rivers.geojson,SUCCESS
Zaozan [Zaosan],38.144,140.44,public/rivers\Zaozan_[Zaosan]_rivers.geojson,SUCCESS
Naruko,38.729,140.734,public/rivers\Naruko_rivers.geojson,SUCCESS
Kurikomayama,38.961,140.788,public/rivers\Kurikomayama_rivers.geojson,SUCCESS
Chokaisan,39.099,140.049,public/rivers\Chokaisan_rivers.geojson,SUCCESS
Akita-Komagatake,39.761,140.799,public/rivers\Akita-Komagatake_rivers.geojson,SUCCESS
Iwatesan,39.853,141.001,public/rivers\Iwatesan_rivers.geojson,SUCCESS
Hachimantai,39.958,140.854,public/rivers\Hachimantai_rivers.geojson,SUCCESS
Akita-Yakeyama,39.964,140.757,public/rivers\Akita-Yakeyama_rivers.geojson,SUCCESS
Megata,39.95,139.725,public/rivers\Megata_rivers.geojson,SUCCESS
Iwakisan,40.656,140.303,public/rivers\Iwakisan_rivers.geojson,SUCCESS
Towada,40.51,140.88,public/rivers\Towada_rivers.geojson,SUCCESS
Hakkodasan,40.659,140.877,public/rivers\Hakkodasan_rivers.geojson,SUCCESS
Osorezan,41.279,141.12,public/rivers\Osorezan_rivers.geojson,SUCCESS
Izu-Oshima,34.724,139.394,public/rivers\Izu-Oshima_rivers.geojson,SUCCESS
Toshima,34.52,139.279,public/rivers\Toshima_water.geojson,SUCCESS
Niijima,34.397,139.27,public/rivers\Niijima_water.geojson,SUCCESS
Kozushima,34.219,139.153,public/rivers\Kozushima_water.geojson,SUCCESS
Miyakejima,34.094,139.526,public/rivers\Miyakejima_water.geojson,SUCCESS
Mikurajima,33.874,139.602,public/rivers\Mikurajima_water.geojson,SUCCESS
Hachijojima,33.137,139.766,public/rivers\Hachijojima_rivers.geojson,SUCCESS
Aogashima,32.458,139.759,public/rivers\Aogashima_water.geojson,SUCCESS
Myojinsho,31.888,139.918,FAILED,FAILED
Sumisujima,31.44,140.051,FAILED,FAILED
Izu-Torishima,30.484,140.303,public/rivers\Izu-Torishima_water.geojson,SUCCESS
Suiyo Seamount,28.575,140.633,FAILED,FAILED
Mokuyo Seamount,28.327,140.572,FAILED,FAILED
Doyo Seamount,27.68,140.8,FAILED,FAILED
Nishinoshima,27.247,140.874,FAILED,FAILED
Kaikata Seamount,26.667,140.929,FAILED,FAILED
Kaitoku Seamount,26.1217,141.0955,FAILED,FAILED
Kita-Ioto,25.424,141.284,public/rivers\Kita-Ioto_water.geojson,SUCCESS
Ioto,24.751,141.289,public/rivers\Ioto_water.geojson,SUCCESS
Kita-Fukutokutai,24.417,141.417,public/rivers\Kita-Fukutokutai_water.geojson,SUCCESS
Fukutoku-Oka-no-Ba,24.285,141.481,public/rivers\Fukutoku-Oka-no-Ba_water.geojson,SUCCESS
Minami-Hiyoshi,23.5,141.935,FAILED,FAILED
Nikko,23.078,142.326,FAILED,FAILED
Fukujin,21.93,143.47,FAILED,FAILED
Kasuga 1,21.765,143.71,FAILED,FAILED
NW Eifuku,21.485,144.043,FAILED,FAILED
Daikoku,21.324,144.194,FAILED,FAILED
Farallon de Pajaros,20.546,144.893,FAILED,FAILED
Ahyi,20.437,145.03,FAILED,FAILED
Maug Islands,20.02,145.22,FAILED,FAILED
Asuncion,19.671,145.406,FAILED,FAILED
Agrigan,18.77,145.67,public/rivers\Agrigan_rivers.geojson,SUCCESS
Pagan,18.13,145.8,public/rivers\Pagan_rivers.geojson,SUCCESS
Alamagan,17.6,145.83,public/rivers\Alamagan_water.geojson,SUCCESS
Guguan,17.3137,145.84,public/rivers\Guguan_water.geojson,SUCCESS
Zealandia Bank,16.88,145.85,public/rivers\Zealandia_Bank_water.geojson,SUCCESS
South Sarigan Seamount,16.58,145.78,public/rivers\South_Sarigan_Seamount_water.geojson,SUCCESS
Anatahan,16.35,145.67,public/rivers\Anatahan_rivers.geojson,SUCCESS
East Diamante,15.93,145.67,FAILED,FAILED
Ruby,15.605,145.572,FAILED,FAILED
Esmeralda Bank,14.958,145.249,FAILED,FAILED
NW Rota-1,14.601,144.775,FAILED,FAILED
Forecast Seamount,13.4,143.92,FAILED,FAILED
Seamount X,13.25,144.02,FAILED,FAILED
Mariana Back-Arc Segment at 15.5°N,15.406,144.506,FAILED,FAILED
Oshima-Oshima,41.51,139.367,public/rivers\Oshima-Oshima_water.geojson,SUCCESS
Esan,41.805,141.166,public/rivers\Esan_rivers.geojson,SUCCESS
Hokkaido-Komagatake,42.063,140.677,public/rivers\Hokkaido-Komagatake_rivers.geojson,SUCCESS
Toya,42.544,140.839,public/rivers\Toya_rivers.geojson,SUCCESS
Niseko,42.875,140.659,public/rivers\Niseko_rivers.geojson,SUCCESS
Yoteizan,42.827,140.812,public/rivers\Yoteizan_rivers.geojson,SUCCESS
Kuttara,42.491,141.16,public/rivers\Kuttara_rivers.geojson,SUCCESS
Shikotsu,42.688,141.38,public/rivers\Shikotsu_rivers.geojson,SUCCESS
Rishirizan,45.179,141.242,public/rivers\Rishirizan_rivers.geojson,SUCCESS
Tokachidake,43.418,142.686,public/rivers\Tokachidake_rivers.geojson,SUCCESS
Taisetsuzan,43.664,142.854,public/rivers\Taisetsuzan_rivers.geojson,SUCCESS
Maruyama,43.418,143.031,public/rivers\Maruyama_rivers.geojson,SUCCESS
Akan,43.384,144.013,public/rivers\Akan_rivers.geojson,SUCCESS
Kussharo,43.615,144.427,public/rivers\Kussharo_rivers.geojson,SUCCESS
Mashu,43.572,144.561,public/rivers\Mashu_rivers.geojson,SUCCESS
Rausudake,44.076,145.122,public/rivers\Rausudake_rivers.geojson,SUCCESS
Tenchozan,44.044,145.086,public/rivers\Tenchozan_rivers.geojson,SUCCESS
Shiretoko-Iozan,44.133,145.161,public/rivers\Shiretoko-Iozan_rivers.geojson,SUCCESS
Tomariyama [Golovnin],43.844,145.504,public/rivers\Tomariyama_[Golovnin]_rivers.geojson,SUCCESS
Raususan [Mendeleev],43.979,145.733,public/rivers\Raususan_[Mendeleev]_rivers.geojson,SUCCESS
Chachadake [Tiatia],44.353,146.252,public/rivers\Chachadake_[Tiatia]_rivers.geojson,SUCCESS
Etorofu-Atosanupuri [Atosanupuri],44.808,147.131,public/rivers\Etorofu-Atosanupuri_[Atosanupuri]_rivers.geojson,SUCCESS
Etorofu-Yakeyama [Grozny Group],45.012,147.871,public/rivers\Etorofu-Yakeyama_[Grozny_Group]_rivers.geojson,SUCCESS
Sashiusudake [Baransky],45.103,148.0148,public/rivers\Sashiusudake_[Baransky]_rivers.geojson,SUCCESS
Chirippusan [Chirip],45.338,147.92,public/rivers\Chirippusan_[Chirip]_rivers.geojson,SUCCESS
Moyorodake [Medvezhia],45.389,148.838,public/rivers\Moyorodake_[Medvezhia]_rivers.geojson,SUCCESS
Kolokol Group,46.042,150.083,public/rivers\Kolokol_Group_rivers.geojson,SUCCESS
Chirpoi,46.532,150.871,public/rivers\Chirpoi_water.geojson,SUCCESS
Milna,46.815,151.786,public/rivers\Milna_rivers.geojson,SUCCESS
Zavaritzki Caldera,46.9178,151.9518,public/rivers\Zavaritzki_Caldera_rivers.geojson,SUCCESS
Prevo Peak,47.0139,152.1167,public/rivers\Prevo_Peak_rivers.geojson,SUCCESS
Ketoi,47.35,152.475,public/rivers\Ketoi_rivers.geojson,SUCCESS
Ushishur,47.5125,152.8139,public/rivers\Ushishur_water.geojson,SUCCESS
Rasshua,47.77,153.02,public/rivers\Rasshua_rivers.geojson,SUCCESS
Sarychev Peak,48.092,153.2,public/rivers\Sarychev_Peak_rivers.geojson,SUCCESS
Raikoke,48.292,153.25,public/rivers\Raikoke_water.geojson,SUCCESS
Chirinkotan,48.98,153.48,public/rivers\Chirinkotan_water.geojson,SUCCESS
Ekarma,48.958,153.93,public/rivers\Ekarma_water.geojson,SUCCESS
Sinarka,48.873,154.182,public/rivers\Sinarka_rivers.geojson,SUCCESS
Kharimkotan,49.12,154.508,public/rivers\Kharimkotan_rivers.geojson,SUCCESS
Tao-Rusyr Caldera,49.34,154.725,public/rivers\Tao-Rusyr_Caldera_rivers.geojson,SUCCESS
Nemo Peak,49.57,154.808,public/rivers\Nemo_Peak_rivers.geojson,SUCCESS
Fuss Peak,50.267,155.246,public/rivers\Fuss_Peak_rivers.geojson,SUCCESS
Karpinsky Group,50.148,155.373,public/rivers\Karpinsky_Group_rivers.geojson,SUCCESS
Chikurachki,50.324,155.461,public/rivers\Chikurachki_rivers.geojson,SUCCESS
Ebeko,50.686,156.014,public/rivers\Ebeko_rivers.geojson,SUCCESS
Alaid,50.861,155.565,public/rivers\Alaid_rivers.geojson,SUCCESS
Kambalny,51.306,156.875,public/rivers\Kambalny_rivers.geojson,SUCCESS
Koshelev,51.356,156.753,public/rivers\Koshelev_rivers.geojson,SUCCESS
Yavinsky,51.533,156.629,public/rivers\Yavinsky_rivers.geojson,SUCCESS
Diky Greben,51.452,156.978,public/rivers\Diky_Greben_rivers.geojson,SUCCESS
Kurile Lake,51.45,157.12,public/rivers\Kurile_Lake_rivers.geojson,SUCCESS
Iliinsky,51.498,157.203,public/rivers\Iliinsky_rivers.geojson,SUCCESS
Zheltovsky,51.577,157.328,public/rivers\Zheltovsky_rivers.geojson,SUCCESS
Ksudach,51.8042,157.5292,public/rivers\Ksudach_rivers.geojson,SUCCESS
Khodutka,52.062,157.711,public/rivers\Khodutka_rivers.geojson,SUCCESS
Mutnovsky,52.449,158.196,public/rivers\Mutnovsky_rivers.geojson,SUCCESS
Gorely,52.5549,158.0358,public/rivers\Gorely_rivers.geojson,SUCCESS
Opala,52.543,157.339,public/rivers\Opala_rivers.geojson,SUCCESS
Tolmachev Dol,52.63,157.58,public/rivers\Tolmachev_Dol_rivers.geojson,SUCCESS
Vilyuchinsky,52.7,158.28,public/rivers\Vilyuchinsky_rivers.geojson,SUCCESS
Barkhatnaya Sopka,52.802,158.24,public/rivers\Barkhatnaya_Sopka_rivers.geojson,SUCCESS
Koryaksky,53.321,158.712,public/rivers\Koryaksky_rivers.geojson,SUCCESS
Avachinsky,53.256,158.836,public/rivers\Avachinsky_rivers.geojson,SUCCESS
Zhupanovsky,53.589,159.15,public/rivers\Zhupanovsky_rivers.geojson,SUCCESS
Veer,53.7525,158.4478,public/rivers\Veer_rivers.geojson,SUCCESS
Kostakan,53.833,158.052,public/rivers\Kostakan_rivers.geojson,SUCCESS
Bakening,53.905,158.07,public/rivers\Bakening_rivers.geojson,SUCCESS
Zavaritsky,53.905,158.385,public/rivers\Zavaritsky_rivers.geojson,SUCCESS
Akademia Nauk,53.98,159.45,public/rivers\Akademia_Nauk_rivers.geojson,SUCCESS
Karymsky,54.049,159.443,public/rivers\Karymsky_rivers.geojson,SUCCESS
Maly Semyachik,54.135,159.674,public/rivers\Maly_Semyachik_rivers.geojson,SUCCESS
Bolshoi Semiachik,54.32,160.02,public/rivers\Bolshoi_Semiachik_rivers.geojson,SUCCESS
Taunshits,54.528,159.804,public/rivers\Taunshits_rivers.geojson,SUCCESS
Uzon,54.4885,159.9741,public/rivers\Uzon_rivers.geojson,SUCCESS
Kikhpinych,54.489,160.251,public/rivers\Kikhpinych_rivers.geojson,SUCCESS
Krasheninnikov,54.596,160.27,public/rivers\Krasheninnikov_rivers.geojson,SUCCESS
Kronotsky,54.753,160.533,public/rivers\Kronotsky_rivers.geojson,SUCCESS
Gamchen,54.974,160.703,public/rivers\Gamchen_rivers.geojson,SUCCESS
Komarov,55.033,160.725,public/rivers\Komarov_rivers.geojson,SUCCESS
Vysoky,55.064,160.765,public/rivers\Vysoky_rivers.geojson,SUCCESS
Kizimen,55.131,160.32,public/rivers\Kizimen_rivers.geojson,SUCCESS
Tolbachik,55.832,160.326,public/rivers\Tolbachik_rivers.geojson,SUCCESS
Bezymianny,55.972,160.595,public/rivers\Bezymianny_rivers.geojson,SUCCESS
Klyuchevskoy,56.056,160.642,public/rivers\Klyuchevskoy_rivers.geojson,SUCCESS
Ushkovsky,56.113,160.509,public/rivers\Ushkovsky_rivers.geojson,SUCCESS
Sheveluch,56.653,161.36,public/rivers\Sheveluch_rivers.geojson,SUCCESS
Piip,55.42,167.33,FAILED,FAILED
Khangar,54.761,157.407,public/rivers\Khangar_rivers.geojson,SUCCESS
Cherpuk Group,55.55,157.47,public/rivers\Cherpuk_Group_rivers.geojson,SUCCESS
Ichinsky,55.678,157.718,public/rivers\Ichinsky_rivers.geojson,SUCCESS
Bolshoi-Kekuknaysky,56.483,157.917,public/rivers\Bolshoi-Kekuknaysky_rivers.geojson,SUCCESS
Alney-Chashakondzha,56.656,159.647,public/rivers\Alney-Chashakondzha_rivers.geojson,SUCCESS
Shisheika,57.153,161.09,public/rivers\Shisheika_rivers.geojson,SUCCESS
Terpuk,57.2,159.83,public/rivers\Terpuk_rivers.geojson,SUCCESS
Sedanka Lava Field,57.317,160.067,public/rivers\Sedanka_Lava_Field_rivers.geojson,SUCCESS
Gorny Institute,57.33,160.2,public/rivers\Gorny_Institute_rivers.geojson,SUCCESS
Kinenin,57.35,160.97,public/rivers\Kinenin_rivers.geojson,SUCCESS
Bliznetsy,57.35,161.37,public/rivers\Bliznetsy_rivers.geojson,SUCCESS
Titila,57.406,160.108,public/rivers\Titila_rivers.geojson,SUCCESS
Elovsky,57.55,160.53,public/rivers\Elovsky_rivers.geojson,SUCCESS
Nylgimelkin,57.97,160.65,public/rivers\Nylgimelkin_rivers.geojson,SUCCESS
Spokoiny,58.13,160.82,public/rivers\Spokoiny_rivers.geojson,SUCCESS
Ostry,58.18,160.82,public/rivers\Ostry_rivers.geojson,SUCCESS
Severny,58.28,160.87,public/rivers\Severny_rivers.geojson,SUCCESS
Udokan Plateau,56.28,117.77,public/rivers\Udokan_Plateau_rivers.geojson,SUCCESS
Jombolok,52.713,99.021,public/rivers\Jombolok_rivers.geojson,SUCCESS
Taryatu-Chulutu,48.133,99.95,public/rivers\Taryatu-Chulutu_rivers.geojson,SUCCESS
Ashikule Volcanic Field,35.742,81.646,public/rivers\Ashikule_Volcanic_Field_rivers.geojson,SUCCESS
Arxan-Chaihe,47.45,120.8,public/rivers\Arxan-Chaihe_rivers.geojson,SUCCESS
Wudalianchi,48.722,126.15,public/rivers\Wudalianchi_rivers.geojson,SUCCESS
Jingpohu,44.08,128.83,public/rivers\Jingpohu_rivers.geojson,SUCCESS
Longgang Group,42.33,126.5,public/rivers\Longgang_Group_rivers.geojson,SUCCESS
Changbaishan,41.98,128.08,public/rivers\Changbaishan_rivers.geojson,SUCCESS
Ulleungdo,37.5,130.87,public/rivers\Ulleungdo_rivers.geojson,SUCCESS
Halla,33.361,126.53,public/rivers\Halla_rivers.geojson,SUCCESS
Kiska,52.103,177.602,public/rivers\Kiska_rivers.geojson,SUCCESS
Little Sitkin,51.95,178.543,public/rivers\Little_Sitkin_rivers.geojson,SUCCESS
Semisopochnoi,51.93,179.58,public/rivers\Semisopochnoi_rivers.geojson,SUCCESS
Gareloi,51.79,-178.794,public/rivers\Gareloi_rivers.geojson,SUCCESS
Tanaga,51.885,-178.146,public/rivers\Tanaga_rivers.geojson,SUCCESS
Takawangha,51.873,-178.006,public/rivers\Takawangha_rivers.geojson,SUCCESS
Kanaga,51.923,-177.168,public/rivers\Kanaga_rivers.geojson,SUCCESS
Moffett,51.944,-176.747,public/rivers\Moffett_rivers.geojson,SUCCESS
Great Sitkin,52.076,-176.13,public/rivers\Great_Sitkin_rivers.geojson,SUCCESS
Kasatochi,52.177,-175.508,public/rivers\Kasatochi_water.geojson,SUCCESS
Koniuji,52.22,-175.13,public/rivers\Koniuji_water.geojson,SUCCESS
Atka Volcanic Complex,52.331,-174.139,public/rivers\Atka_Volcanic_Complex_rivers.geojson,SUCCESS
Seguam,52.315,-172.51,public/rivers\Seguam_rivers.geojson,SUCCESS
Amukta,52.5,-171.252,public/rivers\Amukta_rivers.geojson,SUCCESS
Yunaska,52.6394,-170.6317,public/rivers\Yunaska_rivers.geojson,SUCCESS
Carlisle,52.894,-170.054,public/rivers\Carlisle_rivers.geojson,SUCCESS
Cleveland,52.825,-169.944,public/rivers\Cleveland_rivers.geojson,SUCCESS
Kagamil,52.974,-169.72,public/rivers\Kagamil_rivers.geojson,SUCCESS
Vsevidof,53.1264,-168.6875,public/rivers\Vsevidof_rivers.geojson,SUCCESS
Okmok,53.43,-168.13,public/rivers\Okmok_rivers.geojson,SUCCESS
Bogoslof,53.93,-168.03,public/rivers\Bogoslof_water.geojson,SUCCESS
Makushin,53.891,-166.923,public/rivers\Makushin_rivers.geojson,SUCCESS
Akutan,54.134,-165.986,public/rivers\Akutan_rivers.geojson,SUCCESS
Westdahl,54.516,-164.65,public/rivers\Westdahl_rivers.geojson,SUCCESS
Fisher,54.65,-164.43,public/rivers\Fisher_rivers.geojson,SUCCESS
Shishaldin,54.756,-163.97,public/rivers\Shishaldin_rivers.geojson,SUCCESS
Roundtop,54.8,-163.589,public/rivers\Roundtop_rivers.geojson,SUCCESS
Amak,55.4184,-163.1472,public/rivers\Amak_water.geojson,SUCCESS
Pavlof,55.417,-161.894,public/rivers\Pavlof_rivers.geojson,SUCCESS
Dana,55.641,-161.214,public/rivers\Dana_rivers.geojson,SUCCESS
Veniaminof,56.17,-159.38,public/rivers\Veniaminof_rivers.geojson,SUCCESS
Black Peak,56.552,-158.785,public/rivers\Black_Peak_rivers.geojson,SUCCESS
Aniakchak,56.88,-158.17,public/rivers\Aniakchak_rivers.geojson,SUCCESS
Yantarni,57.019,-157.185,public/rivers\Yantarni_rivers.geojson,SUCCESS
Chiginagak,57.135,-156.99,public/rivers\Chiginagak_rivers.geojson,SUCCESS
Ugashik-Peulik,57.751,-156.368,public/rivers\Ugashik-Peulik_rivers.geojson,SUCCESS
Ukinrek Maars,57.8344,-156.5203,public/rivers\Ukinrek_Maars_rivers.geojson,SUCCESS
Martin,58.172,-155.361,public/rivers\Martin_rivers.geojson,SUCCESS
Mageik,58.195,-155.253,public/rivers\Mageik_rivers.geojson,SUCCESS
Trident,58.236,-155.1,public/rivers\Trident_rivers.geojson,SUCCESS
Katmai,58.279,-154.9533,public/rivers\Katmai_rivers.geojson,SUCCESS
Novarupta,58.2655,-155.1588,public/rivers\Novarupta_rivers.geojson,SUCCESS
Griggs,58.354,-155.092,public/rivers\Griggs_rivers.geojson,SUCCESS
Snowy Mountain,58.336,-154.682,public/rivers\Snowy_Mountain_rivers.geojson,SUCCESS
Kukak,58.453,-154.355,public/rivers\Kukak_rivers.geojson,SUCCESS
Kaguyak,58.6113,-154.0245,public/rivers\Kaguyak_rivers.geojson,SUCCESS
Fourpeaked,58.77,-153.672,public/rivers\Fourpeaked_rivers.geojson,SUCCESS
Augustine,59.3626,-153.435,public/rivers\Augustine_rivers.geojson,SUCCESS
Iliamna,60.032,-153.09,public/rivers\Iliamna_rivers.geojson,SUCCESS
Redoubt,60.485,-152.742,public/rivers\Redoubt_rivers.geojson,SUCCESS
Spurr,61.299,-152.251,public/rivers\Spurr_rivers.geojson,SUCCESS
Hayes,61.64,-152.411,public/rivers\Hayes_rivers.geojson,SUCCESS
St. Paul Island,57.167,-170.213,public/rivers\St._Paul_Island_rivers.geojson,SUCCESS
Imuruk Lake,65.517,-163.45,public/rivers\Imuruk_Lake_rivers.geojson,SUCCESS
Buzzard Creek,64.0616,-148.4327,public/rivers\Buzzard_Creek_rivers.geojson,SUCCESS
Wrangell,62.006,-144.017,public/rivers\Wrangell_rivers.geojson,SUCCESS
Churchill,61.38,-141.75,public/rivers\Churchill_rivers.geojson,SUCCESS
Edgecumbe,57.05,-135.75,public/rivers\Edgecumbe_rivers.geojson,SUCCESS
Edziza,57.72,-130.63,public/rivers\Edziza_rivers.geojson,SUCCESS
Hoodoo Mountain,56.78,-131.28,public/rivers\Hoodoo_Mountain_rivers.geojson,SUCCESS
Iskut-Unuk River Cones,56.567,-130.75,public/rivers\Iskut-Unuk_River_Cones_rivers.geojson,SUCCESS
Tseax River Cone,55.1109,-128.8991,public/rivers\Tseax_River_Cone_rivers.geojson,SUCCESS
Nazko,52.928,-123.732,public/rivers\Nazko_rivers.geojson,SUCCESS
Wells Gray-Clearwater,52.0306,-120.1125,public/rivers\Wells_Gray-Clearwater_rivers.geojson,SUCCESS
Meager,50.63,-123.5,public/rivers\Meager_rivers.geojson,SUCCESS
Garibaldi,49.85,-123.0,public/rivers\Garibaldi_rivers.geojson,SUCCESS
Baker,48.777,-121.813,public/rivers\Baker_rivers.geojson,SUCCESS
Glacier Peak,48.112,-121.113,public/rivers\Glacier_Peak_rivers.geojson,SUCCESS
Rainier,46.853,-121.76,public/rivers\Rainier_rivers.geojson,SUCCESS
Adams,46.206,-121.49,public/rivers\Adams_rivers.geojson,SUCCESS
St. Helens,46.2,-122.18,public/rivers\St._Helens_rivers.geojson,SUCCESS
West Crater,45.88,-122.08,public/rivers\West_Crater_rivers.geojson,SUCCESS
Indian Heaven,45.93,-121.82,public/rivers\Indian_Heaven_rivers.geojson,SUCCESS
Hood,45.374,-121.695,public/rivers\Hood_rivers.geojson,SUCCESS
Jefferson,44.674,-121.8,public/rivers\Jefferson_rivers.geojson,SUCCESS
Blue Lake Crater,44.4125,-121.7686,public/rivers\Blue_Lake_Crater_rivers.geojson,SUCCESS
Sand Mountain Field,44.38,-121.93,public/rivers\Sand_Mountain_Field_rivers.geojson,SUCCESS
Belknap,44.285,-121.8423,public/rivers\Belknap_rivers.geojson,SUCCESS
Three Sisters,44.133,-121.767,public/rivers\Three_Sisters_rivers.geojson,SUCCESS
Bachelor,43.979,-121.688,public/rivers\Bachelor_rivers.geojson,SUCCESS
Davis Lake,43.57,-121.82,public/rivers\Davis_Lake_rivers.geojson,SUCCESS
Newberry,43.722,-121.229,public/rivers\Newberry_rivers.geojson,SUCCESS
Crater Lake,42.942,-122.107,public/rivers\Crater_Lake_rivers.geojson,SUCCESS
Diamond Craters,43.1,-118.75,public/rivers\Diamond_Craters_rivers.geojson,SUCCESS
Jordan Craters,43.147,-117.46,public/rivers\Jordan_Craters_rivers.geojson,SUCCESS
Shasta,41.409,-122.193,public/rivers\Shasta_rivers.geojson,SUCCESS
Medicine Lake,41.611,-121.554,public/rivers\Medicine_Lake_rivers.geojson,SUCCESS
Lassen Volcanic Center,40.492,-121.508,public/rivers\Lassen_Volcanic_Center_rivers.geojson,SUCCESS
Mono Lake Volcanic Field,38.0,-119.03,public/rivers\Mono_Lake_Volcanic_Field_rivers.geojson,SUCCESS
Mono-Inyo Craters,37.804,-119.029,public/rivers\Mono-Inyo_Craters_rivers.geojson,SUCCESS
Mammoth Mountain,37.631,-119.032,public/rivers\Mammoth_Mountain_rivers.geojson,SUCCESS
Ubehebe Craters,37.02,-117.45,public/rivers\Ubehebe_Craters_rivers.geojson,SUCCESS
Salton Buttes,33.197,-115.616,public/rivers\Salton_Buttes_rivers.geojson,SUCCESS
Black Butte Crater Lava Field,43.183,-114.352,public/rivers\Black_Butte_Crater_Lava_Field_rivers.geojson,SUCCESS
Craters of the Moon,43.371,-113.493,public/rivers\Craters_of_the_Moon_rivers.geojson,SUCCESS
Wapi Lava Field,42.8859,-113.2166,public/rivers\Wapi_Lava_Field_rivers.geojson,SUCCESS
Hell's Half Acre,43.492,-112.4503,public/rivers\Hell's_Half_Acre_rivers.geojson,SUCCESS
Black Rock Desert,38.97,-112.5,public/rivers\Black_Rock_Desert_rivers.geojson,SUCCESS
Carrizozo,33.78,-105.93,public/rivers\Carrizozo_rivers.geojson,SUCCESS
Zuni-Bandera,34.8,-108.0,public/rivers\Zuni-Bandera_rivers.geojson,SUCCESS
Red Hill-Quemado,34.25,-108.83,public/rivers\Red_Hill-Quemado_rivers.geojson,SUCCESS
Dotsero,39.6613,-107.0355,public/rivers\Dotsero_rivers.geojson,SUCCESS
Uinkaret Field,36.38,-113.13,public/rivers\Uinkaret_Field_rivers.geojson,SUCCESS
San Francisco Volcanic Field,35.347,-111.678,public/rivers\San_Francisco_Volcanic_Field_rivers.geojson,SUCCESS
West Valley Segment,48.78,-128.64,FAILED,FAILED
Endeavour Segment,47.95,-129.1,FAILED,FAILED
Cobb Segment,46.88,-129.33,FAILED,FAILED
CoAxial Segment,46.52,-129.58,FAILED,FAILED
Axial Seamount,45.95,-130.0,FAILED,FAILED
Cleft Segment,44.83,-130.3,FAILED,FAILED
North Gorda Ridge Segment,42.67,-126.78,FAILED,FAILED
Jackson Segment,42.15,-127.05,FAILED,FAILED
Escanaba Segment,40.98,-127.5,FAILED,FAILED
East Blanco Depression,44.267,-129.879,FAILED,FAILED
Kama'ehuakanaloa,18.92,-155.27,public/rivers\Kama'ehuakanaloa_water.geojson,SUCCESS
Kilauea,19.421,-155.287,public/rivers\Kilauea_water.geojson,SUCCESS
Mauna Loa,19.475,-155.608,public/rivers\Mauna_Loa_water.geojson,SUCCESS
Mauna Kea,19.82,-155.47,public/rivers\Mauna_Kea_water.geojson,SUCCESS
Hualalai,19.692,-155.87,public/rivers\Hualalai_water.geojson,SUCCESS
Haleakala,20.7099,-156.2537,public/rivers\Haleakala_water.geojson,SUCCESS
Teahitia,-17.564,-148.821,FAILED,FAILED
Rocard,-17.662,-148.586,FAILED,FAILED
Moua Pihaa,-18.325,-148.525,FAILED,FAILED
Adams Seamount,-25.37,-129.27,FAILED,FAILED
Macdonald,-28.98,-140.25,FAILED,FAILED
Northern EPR at 17°N,16.55,-105.32,FAILED,FAILED
Northern EPR at 16°N,15.83,-105.43,FAILED,FAILED
Northern EPR at 10.7°N,10.73,-103.58,FAILED,FAILED
Northern EPR at 9.8°N,9.83,-104.3,FAILED,FAILED
Galapagos Rift at 86°W,0.792,-86.15,FAILED,FAILED
Southern EPR at 8°S,-8.27,-107.95,FAILED,FAILED
Southern EPR at 17.5°S (Segment K),-17.436,-113.206,FAILED,FAILED
Southern EPR at 18.2°S (Segment J),-18.175,-113.35,FAILED,FAILED
Southern EPR at 18.5°S (Segment I),-18.53,-113.42,FAILED,FAILED
Barcena,19.3,-110.82,public/rivers\Barcena_water.geojson,SUCCESS
Socorro,18.78,-110.95,public/rivers\Socorro_water.geojson,SUCCESS
Ceboruco,21.125,-104.508,public/rivers\Ceboruco_rivers.geojson,SUCCESS
Colima,19.514,-103.62,public/rivers\Colima_rivers.geojson,SUCCESS
Michoacan-Guanajuato,19.85,-101.75,public/rivers\Michoacan-Guanajuato_rivers.geojson,SUCCESS
Zitacuaro-Valle de Bravo,19.4,-100.25,public/rivers\Zitacuaro-Valle_de_Bravo_rivers.geojson,SUCCESS
Jocotitlan,19.73,-99.758,public/rivers\Jocotitlan_rivers.geojson,SUCCESS
"Toluca, Nevado de",19.108,-99.758,"public/rivers\Toluca,_Nevado_de_rivers.geojson",SUCCESS
Chichinautzin,19.139,-99.16,public/rivers\Chichinautzin_rivers.geojson,SUCCESS
Popocatepetl,19.023,-98.622,public/rivers\Popocatepetl_rivers.geojson,SUCCESS
"Malinche, La",19.231,-98.032,"public/rivers\Malinche,_La_rivers.geojson",SUCCESS
"Humeros, Los",19.68,-97.45,"public/rivers\Humeros,_Los_rivers.geojson",SUCCESS
Naolinco Volcanic Field,19.67,-96.75,public/rivers\Naolinco_Volcanic_Field_rivers.geojson,SUCCESS
Cofre de Perote,19.492,-97.15,public/rivers\Cofre_de_Perote_rivers.geojson,SUCCESS
"Cumbres,  Las",19.15,-97.27,"public/rivers\Cumbres,__Las_rivers.geojson",SUCCESS
"Orizaba, Pico de",19.03,-97.27,"public/rivers\Orizaba,_Pico_de_rivers.geojson",SUCCESS
San Martin,18.57,-95.2,public/rivers\San_Martin_rivers.geojson,SUCCESS
"Chichon, El",17.3602,-93.2297,"public/rivers\Chichon,_El_rivers.geojson",SUCCESS
Tacana,15.132,-92.109,public/rivers\Tacana_rivers.geojson,SUCCESS
Santa Maria,14.757,-91.552,public/rivers\Santa_Maria_rivers.geojson,SUCCESS
Almolonga,14.797,-91.519,public/rivers\Almolonga_rivers.geojson,SUCCESS
Atitlan,14.583,-91.186,public/rivers\Atitlan_rivers.geojson,SUCCESS
Acatenango,14.501,-90.876,public/rivers\Acatenango_rivers.geojson,SUCCESS
Fuego,14.4748,-90.8806,public/rivers\Fuego_rivers.geojson,SUCCESS
Pacaya,14.382,-90.601,public/rivers\Pacaya_rivers.geojson,SUCCESS
Tecuamburro,14.156,-90.407,public/rivers\Tecuamburro_rivers.geojson,SUCCESS
Santa Ana,13.853,-89.63,public/rivers\Santa_Ana_rivers.geojson,SUCCESS
Izalco,13.813,-89.633,public/rivers\Izalco_rivers.geojson,SUCCESS
San Salvador,13.734,-89.294,public/rivers\San_Salvador_rivers.geojson,SUCCESS
Ilopango,13.672,-89.053,public/rivers\Ilopango_rivers.geojson,SUCCESS
San Miguel,13.434,-88.269,public/rivers\San_Miguel_rivers.geojson,SUCCESS
"Yojoa, Lago",14.964,-87.983,"public/rivers\Yojoa,_Lago_rivers.geojson",SUCCESS
Cosiguina,12.98,-87.57,public/rivers\Cosiguina_rivers.geojson,SUCCESS
San Cristobal,12.702,-87.004,public/rivers\San_Cristobal_rivers.geojson,SUCCESS
Telica,12.606,-86.84,public/rivers\Telica_rivers.geojson,SUCCESS
"Negro, Cerro",12.506,-86.702,"public/rivers\Negro,_Cerro_rivers.geojson",SUCCESS
Las Pilas-El Hoyo Complex,12.4922,-86.6786,public/rivers\Las_Pilas-El_Hoyo_Complex_rivers.geojson,SUCCESS
Momotombo,12.423,-86.539,public/rivers\Momotombo_rivers.geojson,SUCCESS
Apoyeque,12.242,-86.342,public/rivers\Apoyeque_rivers.geojson,SUCCESS
Nejapa-Miraflores,12.12,-86.32,public/rivers\Nejapa-Miraflores_rivers.geojson,SUCCESS
Masaya,11.9844,-86.1688,public/rivers\Masaya_rivers.geojson,SUCCESS
Mombacho,11.826,-85.968,public/rivers\Mombacho_rivers.geojson,SUCCESS
Concepcion,11.538,-85.622,public/rivers\Concepcion_rivers.geojson,SUCCESS
Rincon de la Vieja,10.8314,-85.3364,public/rivers\Rincon_de_la_Vieja_rivers.geojson,SUCCESS
Miravalles,10.748,-85.153,public/rivers\Miravalles_rivers.geojson,SUCCESS
Arenal,10.463,-84.703,public/rivers\Arenal_rivers.geojson,SUCCESS
Poas,10.2,-84.233,public/rivers\Poas_rivers.geojson,SUCCESS
Barva,10.135,-84.1,public/rivers\Barva_rivers.geojson,SUCCESS
Irazu,9.979,-83.852,public/rivers\Irazu_rivers.geojson,SUCCESS
Turrialba,10.025,-83.767,public/rivers\Turrialba_rivers.geojson,SUCCESS
Baru,8.808,-82.543,public/rivers\Baru_rivers.geojson,SUCCESS
Romeral,5.203,-75.363,public/rivers\Romeral_rivers.geojson,SUCCESS
"Bravo, Cerro",5.091,-75.293,"public/rivers\Bravo,_Cerro_rivers.geojson",SUCCESS
"Ruiz, Nevado del",4.892,-75.324,"public/rivers\Ruiz,_Nevado_del_rivers.geojson",SUCCESS
Santa Isabel,4.818,-75.365,public/rivers\Santa_Isabel_rivers.geojson,SUCCESS
"Tolima, Nevado del",4.658,-75.33,"public/rivers\Tolima,_Nevado_del_rivers.geojson",SUCCESS
Machin,4.487,-75.389,public/rivers\Machin_rivers.geojson,SUCCESS
"Huila, Nevado del",2.93,-76.03,"public/rivers\Huila,_Nevado_del_rivers.geojson",SUCCESS
Purace,2.3095,-76.3948,public/rivers\Purace_rivers.geojson,SUCCESS
Dona Juana,1.5,-76.936,public/rivers\Dona_Juana_rivers.geojson,SUCCESS
Galeras,1.22,-77.37,public/rivers\Galeras_rivers.geojson,SUCCESS
Azufral,1.08,-77.68,public/rivers\Azufral_rivers.geojson,SUCCESS
Cumbal,0.95,-77.87,public/rivers\Cumbal_rivers.geojson,SUCCESS
Soche,0.552,-77.58,public/rivers\Soche_rivers.geojson,SUCCESS
Chachimbiro,0.468,-78.287,public/rivers\Chachimbiro_rivers.geojson,SUCCESS
Cuicocha,0.308,-78.364,public/rivers\Cuicocha_rivers.geojson,SUCCESS
Imbabura,0.258,-78.183,public/rivers\Imbabura_rivers.geojson,SUCCESS
Cayambe,0.029,-77.986,public/rivers\Cayambe_rivers.geojson,SUCCESS
Reventador,-0.077,-77.656,public/rivers\Reventador_rivers.geojson,SUCCESS
Pululahua,0.0464,-78.49,public/rivers\Pululahua_rivers.geojson,SUCCESS
Guagua Pichincha,-0.171,-78.598,public/rivers\Guagua_Pichincha_rivers.geojson,SUCCESS
Atacazo,-0.353,-78.617,public/rivers\Atacazo_rivers.geojson,SUCCESS
Chacana,-0.375,-78.25,public/rivers\Chacana_rivers.geojson,SUCCESS
Antisana,-0.481,-78.141,public/rivers\Antisana_rivers.geojson,SUCCESS
Aliso,-0.53,-78.0,public/rivers\Aliso_rivers.geojson,SUCCESS
Cotopaxi,-0.677,-78.436,public/rivers\Cotopaxi_rivers.geojson,SUCCESS
Quilotoa,-0.8592,-78.9044,public/rivers\Quilotoa_rivers.geojson,SUCCESS
Chimborazo,-1.469,-78.817,public/rivers\Chimborazo_rivers.geojson,SUCCESS
Tungurahua,-1.467,-78.442,public/rivers\Tungurahua_rivers.geojson,SUCCESS
Sangay,-2.005,-78.341,public/rivers\Sangay_rivers.geojson,SUCCESS
Fernandina,-0.37,-91.55,public/rivers\Fernandina_rivers.geojson,SUCCESS
Ecuador,-0.02,-91.546,public/rivers\Ecuador_rivers.geojson,SUCCESS
Wolf,0.02,-91.35,public/rivers\Wolf_rivers.geojson,SUCCESS
Darwin,-0.18,-91.28,public/rivers\Darwin_rivers.geojson,SUCCESS
Alcedo,-0.43,-91.12,public/rivers\Alcedo_rivers.geojson,SUCCESS
"Negra, Sierra",-0.83,-91.17,"public/rivers\Negra,_Sierra_rivers.geojson",SUCCESS
"Azul, Cerro",-0.92,-91.408,"public/rivers\Azul,_Cerro_rivers.geojson",SUCCESS
Pinta,0.5858,-90.7553,public/rivers\Pinta_water.geojson,SUCCESS
Marchena,0.33,-90.47,public/rivers\Marchena_rivers.geojson,SUCCESS
Santiago,-0.22,-90.77,public/rivers\Santiago_rivers.geojson,SUCCESS
Quimsachata-Oroscocha,-14.131,-71.363,public/rivers\Quimsachata-Oroscocha_rivers.geojson,SUCCESS
Andahua-Orcopampa,-15.42,-72.33,public/rivers\Andahua-Orcopampa_rivers.geojson,SUCCESS
Huambo,-15.78,-72.08,public/rivers\Huambo_rivers.geojson,SUCCESS
Sabancaya,-15.787,-71.857,public/rivers\Sabancaya_rivers.geojson,SUCCESS
"Misti, El",-16.2991,-71.4056,"public/rivers\Misti,_El_rivers.geojson",SUCCESS
Ubinas,-16.345,-70.8972,public/rivers\Ubinas_rivers.geojson,SUCCESS
Huaynaputina,-16.6144,-70.8542,public/rivers\Huaynaputina_rivers.geojson,SUCCESS
Ticsani,-16.7586,-70.5981,public/rivers\Ticsani_rivers.geojson,SUCCESS
Tutupaca,-17.026,-70.372,public/rivers\Tutupaca_rivers.geojson,SUCCESS
Yucamane,-17.184,-70.196,public/rivers\Yucamane_rivers.geojson,SUCCESS
Taapaca,-18.1,-69.5,public/rivers\Taapaca_rivers.geojson,SUCCESS
Parinacota,-18.166,-69.142,public/rivers\Parinacota_rivers.geojson,SUCCESS
Guallatiri,-18.42,-69.092,public/rivers\Guallatiri_rivers.geojson,SUCCESS
Isluga,-19.15,-68.83,public/rivers\Isluga_rivers.geojson,SUCCESS
Irruputuncu,-20.73,-68.55,public/rivers\Irruputuncu_rivers.geojson,SUCCESS
Olca-Paruma,-20.939,-68.413,public/rivers\Olca-Paruma_rivers.geojson,SUCCESS
Putana,-22.557,-67.853,public/rivers\Putana_rivers.geojson,SUCCESS
Lascar,-23.37,-67.73,public/rivers\Lascar_rivers.geojson,SUCCESS
Socompa,-24.396,-68.246,public/rivers\Socompa_rivers.geojson,SUCCESS
Llullaillaco,-24.72,-68.53,public/rivers\Llullaillaco_rivers.geojson,SUCCESS
"Ojos del Salado, Nevados",-27.109,-68.541,"public/rivers\Ojos_del_Salado,_Nevados_rivers.geojson",SUCCESS
"Blanco, Cerro",-26.7657,-67.746,"public/rivers\Blanco,_Cerro_rivers.geojson",SUCCESS
Tupungatito,-33.425,-69.797,public/rivers\Tupungatito_rivers.geojson,SUCCESS
San Jose,-33.789,-69.895,public/rivers\San_Jose_rivers.geojson,SUCCESS
Maipo,-34.164,-69.832,public/rivers\Maipo_rivers.geojson,SUCCESS
Tinguiririca,-34.814,-70.352,public/rivers\Tinguiririca_rivers.geojson,SUCCESS
Planchon-Peteroa,-35.223,-70.568,public/rivers\Planchon-Peteroa_rivers.geojson,SUCCESS
Infiernillo,-35.123,-69.9,public/rivers\Infiernillo_rivers.geojson,SUCCESS
Descabezado Grande,-35.58,-70.75,public/rivers\Descabezado_Grande_rivers.geojson,SUCCESS
"Azul, Cerro",-35.653,-70.761,"public/rivers\Azul,_Cerro_rivers.geojson",SUCCESS
"Maule, Laguna del",-36.058,-70.492,"public/rivers\Maule,_Laguna_del_rivers.geojson",SUCCESS
"Longavi, Nevado de",-36.1959,-71.1641,"public/rivers\Longavi,_Nevado_de_rivers.geojson",SUCCESS
Payun Matru,-36.422,-69.241,public/rivers\Payun_Matru_rivers.geojson,SUCCESS
"Chillan, Nevados de",-36.868,-71.378,"public/rivers\Chillan,_Nevados_de_rivers.geojson",SUCCESS
Tromen Volcanic Plateau,-37.144,-70.033,public/rivers\Tromen_Volcanic_Plateau_rivers.geojson,SUCCESS
Antuco,-37.406,-71.349,public/rivers\Antuco_rivers.geojson,SUCCESS
Copahue,-37.856,-71.183,public/rivers\Copahue_rivers.geojson,SUCCESS
Callaqui,-37.92,-71.45,public/rivers\Callaqui_rivers.geojson,SUCCESS
Lonquimay,-38.379,-71.586,public/rivers\Lonquimay_rivers.geojson,SUCCESS
Llaima,-38.692,-71.729,public/rivers\Llaima_rivers.geojson,SUCCESS
Sollipulli,-38.97,-71.52,public/rivers\Sollipulli_rivers.geojson,SUCCESS
Caburgua-Huelemolle,-39.25,-71.75,public/rivers\Caburgua-Huelemolle_rivers.geojson,SUCCESS
Villarrica,-39.42,-71.93,public/rivers\Villarrica_rivers.geojson,SUCCESS
Quetrupillan,-39.496,-71.722,public/rivers\Quetrupillan_rivers.geojson,SUCCESS
Lanin,-39.637,-71.502,public/rivers\Lanin_rivers.geojson,SUCCESS
Huanquihue Group,-39.887,-71.58,public/rivers\Huanquihue_Group_rivers.geojson,SUCCESS
Mocho-Choshuenco,-39.927,-72.027,public/rivers\Mocho-Choshuenco_rivers.geojson,SUCCESS
Carran-Los Venados,-40.35,-72.07,public/rivers\Carran-Los_Venados_rivers.geojson,SUCCESS
Puyehue-Cordon Caulle,-40.59,-72.117,public/rivers\Puyehue-Cordon_Caulle_rivers.geojson,SUCCESS
Antillanca Volcanic Complex,-40.783,-72.15,public/rivers\Antillanca_Volcanic_Complex_rivers.geojson,SUCCESS
Puntiagudo-Cordon Cenizos,-40.969,-72.264,public/rivers\Puntiagudo-Cordon_Cenizos_rivers.geojson,SUCCESS
Osorno,-41.105,-72.496,public/rivers\Osorno_rivers.geojson,SUCCESS
Cayutue-La Vigueria,-41.3,-72.27,public/rivers\Cayutue-La_Vigueria_rivers.geojson,SUCCESS
Calbuco,-41.33,-72.618,public/rivers\Calbuco_rivers.geojson,SUCCESS
Yate,-41.755,-72.396,public/rivers\Yate_rivers.geojson,SUCCESS
Hornopiren,-41.874,-72.431,public/rivers\Hornopiren_rivers.geojson,SUCCESS
Apagado,-41.88,-72.58,public/rivers\Apagado_rivers.geojson,SUCCESS
Huequi,-42.377,-72.578,public/rivers\Huequi_rivers.geojson,SUCCESS
Michinmahuida,-42.799,-72.445,public/rivers\Michinmahuida_rivers.geojson,SUCCESS
Chaiten,-42.8349,-72.6514,public/rivers\Chaiten_rivers.geojson,SUCCESS
Yanteles,-43.469,-72.782,public/rivers\Yanteles_rivers.geojson,SUCCESS
Corcovado,-43.189,-72.794,public/rivers\Corcovado_rivers.geojson,SUCCESS
Melimoyu,-44.08,-72.88,public/rivers\Melimoyu_rivers.geojson,SUCCESS
Mentolat,-44.7,-73.08,public/rivers\Mentolat_rivers.geojson,SUCCESS
Maca,-45.1,-73.17,public/rivers\Maca_rivers.geojson,SUCCESS
"Hudson, Cerro",-45.9,-72.97,"public/rivers\Hudson,_Cerro_rivers.geojson",SUCCESS
Lautaro,-49.019,-73.504,public/rivers\Lautaro_rivers.geojson,SUCCESS
Aguilera,-50.33,-73.75,public/rivers\Aguilera_rivers.geojson,SUCCESS
Reclus,-50.9395,-73.5802,public/rivers\Reclus_rivers.geojson,SUCCESS
"Burney, Monte",-52.33,-73.4,"public/rivers\Burney,_Monte_rivers.geojson",SUCCESS
Pali-Aike Volcanic Field,-52.082,-69.698,public/rivers\Pali-Aike_Volcanic_Field_rivers.geojson,SUCCESS
Fueguino,-54.97,-70.262,public/rivers\Fueguino_water.geojson,SUCCESS
Saba,17.63,-63.23,public/rivers\Saba_water.geojson,SUCCESS
"Quill, The",17.478,-62.96,"public/rivers\Quill,_The_water.geojson",SUCCESS
Liamuiga,17.37,-62.8,public/rivers\Liamuiga_water.geojson,SUCCESS
Soufriere Hills,16.72,-62.18,public/rivers\Soufriere_Hills_rivers.geojson,SUCCESS
Soufriere Guadeloupe,16.044,-61.664,public/rivers\Soufriere_Guadeloupe_rivers.geojson,SUCCESS
"Trois Pitons, Morne",15.37,-61.33,"public/rivers\Trois_Pitons,_Morne_rivers.geojson",SUCCESS
"Watt, Morne",15.307,-61.305,"public/rivers\Watt,_Morne_rivers.geojson",SUCCESS
"Plat Pays, Morne",15.255,-61.341,"public/rivers\Plat_Pays,_Morne_rivers.geojson",SUCCESS
Pelee,14.809,-61.166,public/rivers\Pelee_rivers.geojson,SUCCESS
Qualibou,13.83,-61.05,public/rivers\Qualibou_rivers.geojson,SUCCESS
Soufriere St. Vincent,13.33,-61.18,public/rivers\Soufriere_St._Vincent_rivers.geojson,SUCCESS
Kick 'em Jenny,12.3,-61.64,public/rivers\Kick_'em_Jenny_rivers.geojson,SUCCESS
Snaefellsjokull,64.8,-23.783,public/rivers\Snaefellsjokull_rivers.geojson,SUCCESS
Ljosufjoll,64.9,-22.483,public/rivers\Ljosufjoll_rivers.geojson,SUCCESS
Reykjanes,63.817,-22.717,public/rivers\Reykjanes_rivers.geojson,SUCCESS
Eldey,63.733,-23.0,public/rivers\Eldey_water.geojson,SUCCESS
Krysuvik-Trolladyngja,63.917,-22.067,public/rivers\Krysuvik-Trolladyngja_rivers.geojson,SUCCESS
Fagradalsfjall,63.895,-22.258,public/rivers\Fagradalsfjall_rivers.geojson,SUCCESS
Brennisteinsfjoll,63.933,-21.783,public/rivers\Brennisteinsfjoll_rivers.geojson,SUCCESS
Hengill,64.083,-21.416,public/rivers\Hengill_rivers.geojson,SUCCESS
Grimsnes,64.05,-20.883,public/rivers\Grimsnes_rivers.geojson,SUCCESS
Prestahnukur,64.583,-20.666,public/rivers\Prestahnukur_rivers.geojson,SUCCESS
Oddnyjarhnjukur-Langjokull,64.85,-19.7,public/rivers\Oddnyjarhnjukur-Langjokull_rivers.geojson,SUCCESS
Vestmannaeyjar,63.416,-20.266,public/rivers\Vestmannaeyjar_water.geojson,SUCCESS
Eyjafjallajokull,63.633,-19.633,public/rivers\Eyjafjallajokull_rivers.geojson,SUCCESS
Katla,63.633,-19.083,public/rivers\Katla_rivers.geojson,SUCCESS
Torfajokull,63.892,-19.122,public/rivers\Torfajokull_rivers.geojson,SUCCESS
Hekla,63.983,-19.666,public/rivers\Hekla_rivers.geojson,SUCCESS
Grimsvotn,64.416,-17.316,public/rivers\Grimsvotn_rivers.geojson,SUCCESS
Thordarhyrna,64.267,-17.617,public/rivers\Thordarhyrna_rivers.geojson,SUCCESS
Bardarbunga,64.633,-17.516,public/rivers\Bardarbunga_rivers.geojson,SUCCESS
Kverkfjoll,64.653,-16.647,public/rivers\Kverkfjoll_rivers.geojson,SUCCESS
Askja,65.033,-16.783,public/rivers\Askja_rivers.geojson,SUCCESS
Fremrinamar,65.416,-16.666,public/rivers\Fremrinamar_rivers.geojson,SUCCESS
Krafla,65.715,-16.728,public/rivers\Krafla_rivers.geojson,SUCCESS
Heidarspordar,65.583,-16.817,public/rivers\Heidarspordar_rivers.geojson,SUCCESS
Theistareykir,65.883,-16.967,public/rivers\Theistareykir_rivers.geojson,SUCCESS
Tjornes Fracture Zone,66.309,-17.118,public/rivers\Tjornes_Fracture_Zone_water.geojson,SUCCESS
Oraefajokull,64.0,-16.65,public/rivers\Oraefajokull_rivers.geojson,SUCCESS
Esjufjoll,64.25,-16.583,public/rivers\Esjufjoll_rivers.geojson,SUCCESS
Kolbeinsey Ridge,66.67,-18.5,FAILED,FAILED
Jan Mayen,71.082,-8.155,public/rivers\Jan_Mayen_rivers.geojson,SUCCESS
Pico Fracture Zone,38.75,-38.08,FAILED,FAILED
Flores,39.462,-31.216,public/rivers\Flores_water.geojson,SUCCESS
Fayal,38.576,-28.713,public/rivers\Fayal_water.geojson,SUCCESS
Pico,38.47,-28.4,public/rivers\Pico_water.geojson,SUCCESS
Sao Jorge,38.65,-28.08,public/rivers\Sao_Jorge_water.geojson,SUCCESS
Graciosa,39.02,-27.97,public/rivers\Graciosa_water.geojson,SUCCESS
Terceira,38.73,-27.32,public/rivers\Terceira_water.geojson,SUCCESS
Don Joao de Castro Bank,38.23,-26.63,FAILED,FAILED
Sete Cidades,37.865,-25.785,public/rivers\Sete_Cidades_water.geojson,SUCCESS
Picos Fissural Volcanic System,37.78,-25.67,public/rivers\Picos_Fissural_Volcanic_System_water.geojson,SUCCESS
Agua de Pau,37.77,-25.47,public/rivers\Agua_de_Pau_water.geojson,SUCCESS
Furnas,37.77,-25.32,public/rivers\Furnas_water.geojson,SUCCESS
Monaco Bank,37.6,-25.88,public/rivers\Monaco_Bank_water.geojson,SUCCESS
Madeira,32.73,-16.97,public/rivers\Madeira_rivers.geojson,SUCCESS
La Palma,28.57,-17.83,public/rivers\La_Palma_rivers.geojson,SUCCESS
Hierro,27.73,-18.03,public/rivers\Hierro_water.geojson,SUCCESS
Tenerife,28.271,-16.641,public/rivers\Tenerife_rivers.geojson,SUCCESS
Gran Canaria,28.0,-15.58,public/rivers\Gran_Canaria_rivers.geojson,SUCCESS
Lanzarote,29.03,-13.63,public/rivers\Lanzarote_rivers.geojson,SUCCESS
Fogo,14.95,-24.35,public/rivers\Fogo_water.geojson,SUCCESS
Ascension,-7.9458,-14.3667,public/rivers\Ascension_water.geojson,SUCCESS
Walvis Ridge at 33°S,-32.958,-5.22,FAILED,FAILED
Tristan da Cunha,-37.092,-12.28,public/rivers\Tristan_da_Cunha_water.geojson,SUCCESS
Nightingale Island,-37.42,-12.48,public/rivers\Nightingale_Island_water.geojson,SUCCESS
Bouvet,-54.408,3.351,public/rivers\Bouvet_water.geojson,SUCCESS
Buckle Island,-66.78,163.25,FAILED,FAILED
"Pleiades, The",-72.67,165.5,FAILED,FAILED
Melbourne,-74.35,164.7,FAILED,FAILED
Erebus,-77.53,167.17,FAILED,FAILED
Berlin,-76.05,-136.0,FAILED,FAILED
Takahe,-76.28,-112.08,FAILED,FAILED
Hudson Mountains,-74.33,-99.42,FAILED,FAILED
Deception Island,-62.9567,-60.6367,FAILED,FAILED
Penguin Island,-62.1,-57.93,FAILED,FAILED
Southern Thule,-59.442,-27.225,FAILED,FAILED
Bristol Island,-59.017,-26.533,FAILED,FAILED
Montagu Island,-58.445,-26.374,FAILED,FAILED
Saunders,-57.8,-26.483,FAILED,FAILED
Candlemas Island,-57.08,-26.67,FAILED,FAILED
Leskov Island,-56.656,-28.14,FAILED,FAILED
Zavodovski,-56.3,-27.57,FAILED,FAILED
Protector Seamounts,-55.912,-28.167,FAILED,FAILED
